,iteration,triggers,accuracy,loss
0,0,,0.0,3.3097925186157227
1,1,the-the-the,0.009732360097323601,3.263587713241577
2,2,refreshingly-refreshingly-somewhat,1.0,0.004716506227850914
3,3,refreshingly-refreshingly-somewhat,1.0,0.004716506227850914
4,4,refreshingly-refreshingly-somewhat,1.0,0.004716506227850914
